date,count
2011-03-01,23558
2011-03-02,23318
2011-03-03,23116
2011-03-04,21671
2011-03-05,14751
2011-03-06,18709
2011-03-07,21709
2011-03-08,24800
2011-03-09,22436
2011-03-10,23000
2011-03-11,22391
2011-03-12,15860
2011-03-13,18232
2011-03-14,22615
2011-03-15,25083
2011-03-16,27180
2011-03-17,24301
2011-03-18,22679
2011-03-19,17011
2011-03-20,19417
2011-03-21,23629
2011-03-22,25507
2011-03-23,24901
2011-03-24,23646
2011-03-25,23146
2011-03-26,18364
2011-03-27,20359
2011-03-28,25866
2011-03-29,22117
2011-03-30,24610
2011-03-31,24843
2011-04-01,22705
2011-04-02,17111
2011-04-03,19777
2011-04-04,25814
2011-04-05,26958
2011-04-06,25360
2011-04-07,25052
2011-04-08,24290
2011-04-09,17252
2011-04-10,19577
2011-04-11,26254
2011-04-12,25082
2011-04-13,26090
2011-04-14,26863
2011-04-15,25612
2011-04-16,18091
2011-04-17,19319
2011-04-18,25039
2011-04-19,27114
2011-04-20,25412
2011-04-21,25584
2011-04-22,22042
2011-04-23,17207
2011-04-24,18268
2011-04-25,21398
2011-04-26,25623
2011-04-27,23493
2011-04-28,21963
2011-04-29,25164
2011-04-30,17310
2011-05-01,19009
2011-05-02,21498
2011-05-03,26744
2011-05-04,27769
2011-05-05,28684
2011-05-06,25242
2011-05-07,17176
2011-05-08,19256
2011-05-09,26605
2011-05-10,24086
2011-05-11,28529
2011-05-12,26164
2011-05-13,24970
2011-05-14,19276
2011-05-15,20194
2011-05-16,26376
2011-05-17,27367
2011-05-18,27549
2011-05-19,27382
2011-05-20,22640
2011-05-21,16676
2011-05-22,17816
2011-05-23,27853
2011-05-24,29776
2011-05-25,29084
2011-05-26,28698
2011-05-27,23124
2011-05-28,18039
2011-05-29,19024
2011-05-30,23306
2011-05-31,27621
2011-06-01,28297
2011-06-02,25150
2011-06-03,26180
2011-06-04,19301
2011-06-05,21082
2011-06-06,26789
2011-06-07,28503
2011-06-08,29301
2011-06-09,25981
2011-06-10,26012
2011-06-11,17715
2011-06-12,16876
2011-06-13,25435
2011-06-14,27153
2011-06-15,26470
2011-06-16,26828
2011-06-17,27165
2011-06-18,17468
2011-06-19,20748
2011-06-20,29036
2011-06-21,28545
2011-06-22,27545
2011-06-23,16592
2011-06-24,26663
2011-06-25,15398
2011-06-26,16848
2011-06-27,22473
2011-06-28,28628
2011-06-29,29829
2011-06-30,27966
2011-07-01,26210
2011-07-02,18147
2011-07-03,18243
2011-07-04,25371
2011-07-05,26411
2011-07-06,30191
2011-07-07,29736
2011-07-08,27858
2011-07-09,19703
2011-07-10,19487
2011-07-11,28106
2011-07-12,29815
2011-07-13,28918
2011-07-14,26717
2011-07-15,25727
2011-07-16,20070
2011-07-17,20641
2011-07-18,28896
2011-07-19,27636
2011-07-20,29026
2011-07-21,29337
2011-07-22,27074
2011-07-23,19240
2011-07-24,20379
2011-07-25,27965
2011-07-26,32336
2011-07-27,30313
2011-07-28,29500
2011-07-29,27086
2011-07-30,17422
2011-07-31,19959
2011-08-01,26692
2011-08-02,29964
2011-08-03,28775
2011-08-04,30264
2011-08-05,27428
2011-08-06,19633
2011-08-07,17508
2011-08-08,28423
2011-08-09,31078
2011-08-10,27264
2011-08-11,29210
2011-08-12,26876
2011-08-13,19628
2011-08-14,20431
2011-08-15,27440
2011-08-16,29846
2011-08-17,30955
2011-08-18,30023
2011-08-19,27818
2011-08-20,17616
2011-08-21,20881
2011-08-22,29470
2011-08-23,31479
2011-08-24,33261
2011-08-25,30997
2011-08-26,28739
2011-08-27,20392
2011-08-28,21296
2011-08-29,31840
2011-08-30,31326
2011-08-31,30991
2011-09-01,32061
2011-09-02,29556
2011-09-03,21006
2011-09-04,22469
2011-09-05,29469
2011-09-06,31770
2011-09-07,33910
2011-09-08,32263
2011-09-09,30012
2011-09-10,21583
2011-09-11,24118
2011-09-12,30947
2011-09-13,34395
2011-09-14,36274
2011-09-15,40309
2011-09-16,39574
2011-09-17,26185
2011-09-18,25348
2011-09-19,30100
2011-09-20,32167
2011-09-21,33157
2011-09-22,33199
2011-09-23,30808
2011-09-24,22867
2011-09-25,24900
2011-09-26,34665
2011-09-27,36484
2011-09-28,36191
2011-09-29,35425
2011-09-30,32614
2011-10-01,21850
2011-10-02,25672
2011-10-03,32834
2011-10-04,44723
2011-10-05,48302
2011-10-06,37721
2011-10-07,33322
2011-10-08,23180
2011-10-09,25266
2011-10-10,34366
2011-10-11,36466
2011-10-12,36279
2011-10-13,34563
2011-10-14,32906
2011-10-15,24074
2011-10-16,26623
2011-10-17,36201
2011-10-18,37665
2011-10-19,37772
2011-10-20,37498
2011-10-21,34793
2011-10-22,25187
2011-10-23,28312
2011-10-24,36750
2011-10-25,37462
2011-10-26,37400
2011-10-27,27474
2011-10-28,27428
2011-10-29,22821
2011-10-30,24626
2011-10-31,33232
2011-11-01,34970
2011-11-02,36947
2011-11-03,35230
2011-11-04,37097
2011-11-05,24217
2011-11-06,25723
2011-11-07,27261
2011-11-08,39901
2011-11-09,31069
2011-11-10,34626
2011-11-11,32368
2011-11-12,23528
2011-11-13,27324
2011-11-14,34764
2011-11-15,36717
2011-11-16,33053
2011-11-17,36551
2011-11-18,30596
2011-11-19,21831
2011-11-20,27771
2011-11-21,30340
2011-11-22,34506
2011-11-23,36941
2011-11-24,33601
2011-11-25,27382
2011-11-26,24570
2011-11-27,27671
2011-11-28,36600
2011-11-29,38778
2011-11-30,38026
2011-12-01,42363
2011-12-02,37777
2011-12-03,28797
2011-12-04,31852
2011-12-05,39184
2011-12-06,39498
2011-12-07,36999
2011-12-08,35150
2011-12-09,37621
2011-12-10,27284
2011-12-11,26871
2011-12-12,38739
2011-12-13,35649
2011-12-14,36694
2011-12-15,38644
2011-12-16,38686
2011-12-17,25237
2011-12-18,28149
2011-12-19,37706
2011-12-20,35812
2011-12-21,33484
2011-12-22,33179
2011-12-23,29274
2011-12-24,17826
2011-12-25,15500
2011-12-26,19835
2011-12-27,26668
2011-12-28,27441
2011-12-29,31821
2011-12-30,29386
2012-01-01,19329
2012-01-02,28956
2012-01-03,34761
2012-01-04,30707
2012-01-05,35956
2012-01-06,36900
2012-01-07,27551
2012-01-08,27530
2012-01-09,31794
2012-01-10,32533
2012-01-11,42617
2012-01-12,38276
2012-01-13,37533
2012-01-14,29033
2012-01-15,32713
2012-01-16,39683
2012-01-17,39511
2012-01-18,38483
2012-01-19,39168
2012-01-20,36823
2012-01-21,29648
2012-01-22,28889
2012-01-23,38446
2012-01-24,41844
2012-01-25,42201
2012-01-26,41900
2012-01-27,43829
2012-01-28,35897
2012-01-29,37570
2012-01-30,44392
2012-01-31,49406
2012-02-01,47144
2012-02-02,41920
2012-02-03,41711
2012-02-04,29319
2012-02-05,36537
2012-02-06,36670
2012-02-07,38320
2012-02-08,40416
2012-02-09,41608
2012-02-10,37883
2012-02-11,31166
2012-02-12,35698
2012-02-13,33960
2012-02-14,41573
2012-02-15,33990
2012-02-16,42061
2012-02-17,42872
2012-02-18,32991
2012-02-19,38618
2012-02-20,43333
2012-02-21,51928
2012-02-22,55257
2012-02-23,54245
2012-02-24,51380
2012-02-25,38833
2012-02-26,41624
2012-02-27,54127
2012-02-28,56258
2012-02-29,54626
2012-03-01,45647
2012-03-02,47252
2012-03-03,37344
2012-03-04,30820
2012-03-05,46899
2012-03-06,56208
2012-03-07,54265
2012-03-08,53048
2012-03-09,51325
2012-03-10,10595
2012-03-11,31721
2012-03-12,54366
2012-03-13,55655
2012-03-14,52683
2012-03-15,53591
2012-03-16,51416
2012-03-17,36361
2012-03-18,39305
2012-03-19,54062
2012-03-20,56562
2012-03-21,56266
2012-03-22,56815
2012-03-23,53485
2012-03-24,38814
2012-03-25,40740
2012-03-26,55577
2012-03-27,55831
2012-03-28,57399
2012-03-29,57848
2012-03-30,54315
2012-03-31,38989
2012-04-01,40841
2012-04-02,52777
2012-04-03,56505
2012-04-04,56240
2012-04-05,53599
2012-04-06,49771
2012-04-07,38569
2012-04-08,38688
2012-04-09,51722
2012-04-10,58133
2012-04-11,60091
2012-04-12,56717
2012-04-13,54174
2012-04-14,40653
2012-04-15,43850
2012-04-16,57889
2012-04-17,59264
2012-04-18,59768
2012-04-19,61096
2012-04-20,57353
2012-04-21,42127
2012-04-22,47832
2012-04-23,61178
2012-04-24,63056
2012-04-25,59519
2012-04-26,60229
2012-04-27,56279
2012-04-28,40937
2012-04-29,43072
2012-04-30,54393
2012-05-01,55402
2012-05-02,58855
2012-05-03,60150
2012-05-04,56518
2012-05-05,41637
2012-05-06,42295
2012-05-07,58594
2012-05-08,59812
2012-05-09,59221
2012-05-10,59255
2012-05-11,55078
2012-05-12,39516
2012-05-13,39486
2012-05-14,57335
2012-05-15,59138
2012-05-16,57222
2012-05-17,54823
2012-05-18,52928
2012-05-19,35675
2012-05-20,39109
2012-05-21,56131
2012-05-22,61615
2012-05-23,61231
2012-05-24,60085
2012-05-25,56719
2012-05-26,35629
2012-05-27,37717
2012-05-28,49520
2012-05-29,59838
2012-05-30,61193
2012-05-31,55313
2012-06-01,55330
2012-06-02,39247
2012-06-03,42983
2012-06-04,56332
2012-06-05,58499
2012-06-06,57888
2012-06-07,58529
2012-06-08,56516
2012-06-09,39550
2012-06-10,42782
2012-06-11,58634
2012-06-12,61567
2012-06-13,63079
2012-06-14,61747
2012-06-15,57862
2012-06-16,40002
2012-06-17,38889
2012-06-18,58165
2012-06-19,61777
2012-06-20,61348
2012-06-21,61223
2012-06-22,56826
2012-06-23,38903
2012-06-24,42805
2012-06-25,60504
2012-06-26,63784
2012-06-27,61203
2012-06-28,60036
2012-06-29,56253
2012-06-30,37431
2012-07-01,40472
2012-07-02,58142
2012-07-03,61927
2012-07-04,59084
2012-07-05,65855
2012-07-06,61528
2012-07-07,41485
2012-07-08,43431
2012-07-09,63759
2012-07-10,67379
2012-07-11,65577
2012-07-12,66280
2012-07-13,62320
2012-07-14,37807
2012-07-15,41543
2012-07-16,59833
2012-07-17,64086
2012-07-18,62545
2012-07-19,61800
2012-07-20,58102
2012-07-21,38240
2012-07-22,41919
2012-07-23,60636
2012-07-24,62819
2012-07-25,61767
2012-07-26,61365
2012-07-27,57143
2012-07-28,37094
2012-07-29,40696
2012-07-30,59102
2012-07-31,60697
2012-08-01,62178
2012-08-02,65217
2012-08-03,64145
2012-08-04,45196
2012-08-05,47113
2012-08-06,64349
2012-08-07,67505
2012-08-08,68335
2012-08-09,68213
2012-08-10,66034
2012-08-11,44453
2012-08-12,46473
2012-08-13,66297
2012-08-14,70009
2012-08-15,65390
2012-08-16,65618
2012-08-17,63691
2012-08-18,45726
2012-08-19,48426
2012-08-20,67920
2012-08-21,71331
2012-08-22,71370
2012-08-23,66805
2012-08-24,60805
2012-08-25,42495
2012-08-26,44588
2012-08-27,63551
2012-08-28,65942
2012-08-29,64496
2012-08-30,66306
2012-08-31,61299
2012-09-01,40147
2012-09-02,43335
2012-09-03,58593
2012-09-04,65964
2012-09-05,68097
2012-09-06,66097
2012-09-07,63956
2012-09-08,42130
2012-09-09,45935
2012-09-10,65197
2012-09-11,68248
2012-09-12,70811
2012-09-13,71555
2012-09-14,63999
2012-09-15,45707
2012-09-16,47148
2012-09-17,68574
2012-09-18,72508
2012-09-19,71002
2012-09-20,70086
2012-09-21,67361
2012-09-22,45559
2012-09-23,49966
2012-09-24,69971
2012-09-25,71640
2012-09-26,72147
2012-09-27,71875
2012-09-28,66893
2012-09-29,47096
2012-09-30,48785
2012-10-01,67780
2012-10-02,70493
2012-10-03,72179
2012-10-04,70937
2012-10-05,67060
2012-10-06,47237
2012-10-07,49903
2012-10-08,70416
2012-10-09,77323
2012-10-10,78969
2012-10-11,76952
2012-10-12,71794
2012-10-13,50857
2012-10-14,55766
2012-10-15,76684
2012-10-16,79295
2012-10-17,78666
2012-10-18,75444
2012-10-19,73784
2012-10-20,52245
2012-10-21,56038
2012-10-22,79023
2012-10-23,80182
2012-10-24,81588
2012-10-25,80328
2012-10-26,75154
2012-10-27,52268
2012-10-28,56513
2012-10-29,77426
2012-10-30,80842
2012-10-31,79932
2012-11-01,74475
2012-11-02,72835
2012-11-03,54079
2012-11-04,57659
2012-11-05,81726
2012-11-06,84635
2012-11-07,80731
2012-11-08,83483
2012-11-09,78175
2012-11-10,57248
2012-11-11,60402
2012-11-12,81554
2012-11-13,85988
2012-11-14,84996
2012-11-15,83353
2012-11-16,78610
2012-11-17,57051
2012-11-18,61604
2012-11-19,83743
2012-11-20,86377
2012-11-21,83852
2012-11-22,70843
2012-11-23,66879
2012-11-24,53690
2012-11-25,58307
2012-11-26,85386
2012-11-27,88891
2012-11-28,90625
2012-11-29,89167
2012-11-30,79333
2012-12-01,59392
2012-12-02,66776
2012-12-03,89805
2012-12-04,91945
2012-12-05,90733
2012-12-06,90181
2012-12-07,79245
2012-12-08,57439
2012-12-09,62191
2012-12-10,86424
2012-12-11,90748
2012-12-12,87531
2012-12-13,88091
2012-12-14,84805
2012-12-15,55506
2012-12-16,59806
2012-12-17,83413
2012-12-18,85306
2012-12-19,83681
2012-12-20,81846
2012-12-21,70915
2012-12-22,47857
2012-12-23,42420
2012-12-24,49428
2012-12-25,40464
2012-12-26,53566
2012-12-27,63549
2012-12-28,63057
2012-12-29,51628
2012-12-30,51400
2012-12-31,15747
2013-01-01,31877
2013-01-02,70166
2013-01-03,77666
2013-01-04,79067
2013-01-05,59910
2013-01-06,62403
2013-01-07,83704
2013-01-08,89515
2013-01-09,91930
2013-01-10,92470
2013-01-11,88791
2013-01-12,63952
2013-01-13,69454
2013-01-14,92120
2013-01-15,96170
2013-01-16,95210
2013-01-17,95281
2013-01-18,90131
2013-01-19,66458
2013-01-20,71165
2013-01-21,90673
2013-01-22,97634
2013-01-23,99447
2013-01-24,99844
2013-01-25,95414
2013-01-26,74511
2013-01-27,78557
2013-01-28,96695
2013-01-29,102236
2013-01-30,103678
2013-01-31,118630
2013-02-01,93085
2013-02-02,67479
2013-02-03,75286
2013-02-04,93846
2013-02-05,101211
2013-02-06,99760
2013-02-07,100768
2013-02-08,93081
2013-02-09,67396
2013-02-10,73997
2013-02-11,94944
2013-02-12,99688
2013-02-13,96573
2013-02-14,94401
2013-02-15,89528
2013-02-16,70458
2013-02-17,76366
2013-02-18,102750
2013-02-19,108549
2013-02-20,110127
2013-02-21,108963
2013-02-22,103259
2013-02-23,76906
2013-02-24,81802
2013-02-25,106591
2013-02-26,111998
2013-02-27,112988
2013-02-28,110472
2013-03-01,103705
2013-03-02,77858
2013-03-03,82220
2013-03-04,108967
2013-03-05,112205
2013-03-06,108013
2013-03-07,109614
2013-03-08,102804
2013-03-09,75011
2013-03-10,80390
2013-03-11,109876
2013-03-12,114239
2013-03-13,113739
2013-03-14,108966
2013-03-15,105174
2013-03-16,76082
2013-03-17,83132
2013-03-18,110743
2013-03-19,118226
2013-03-20,118419
2013-03-21,115254
2013-03-22,110654
2013-03-23,74723
2013-03-24,85437
2013-03-25,116365
2013-03-26,120005
2013-03-27,117379
2013-03-28,110889
2013-03-29,106298
2013-03-30,80988
2013-03-31,80597
2013-04-01,106071
2013-04-02,118064
2013-04-03,114530
2013-04-04,112279
2013-04-05,111700
2013-04-06,81416
2013-04-07,90509
2013-04-08,118926
2013-04-09,120526
2013-04-10,119960
2013-04-11,120151
2013-04-12,115280
2013-04-13,80918
2013-04-14,83507
2013-04-15,112663
2013-04-16,119800
2013-04-17,122356
2013-04-18,127934
2013-04-19,114894
2013-04-20,88377
2013-04-21,86419
2013-04-22,119096
2013-04-23,127272
2013-04-24,122614
2013-04-25,118242
2013-04-26,104875
2013-04-27,83326
2013-04-28,89876
2013-04-29,115767
2013-04-30,114456
2013-05-01,109132
2013-05-02,116614
2013-05-03,110995
2013-05-04,77820
2013-05-05,80587
2013-05-06,112475
2013-05-07,114151
2013-05-08,117096
2013-05-09,120805
2013-05-10,110932
2013-05-11,78221
2013-05-12,81300
2013-05-13,117810
2013-05-14,125387
2013-05-15,118815
2013-05-16,119589
2013-05-17,114256
2013-05-18,77154
2013-05-19,82237
2013-05-20,113847
2013-05-21,120106
2013-05-22,123154
2013-05-23,121875
2013-05-24,112648
2013-05-25,77255
2013-05-26,80937
2013-05-27,105015
2013-05-28,122023
2013-05-29,121639
2013-05-30,117313
2013-05-31,111205
2013-06-01,75431
2013-06-02,83594
2013-06-03,119815
2013-06-04,124563
2013-06-05,124396
2013-06-06,123068
2013-06-07,114234
2013-06-08,77912
2013-06-09,81861
2013-06-10,112731
2013-06-11,115468
2013-06-12,113908
2013-06-13,116261
2013-06-14,109424
2013-06-15,71163
2013-06-16,76387
2013-06-17,113297
2013-06-18,121421
2013-06-19,121174
2013-06-20,116023
2013-06-21,110048
2013-06-22,70731
2013-06-23,78436
2013-06-24,114675
2013-06-25,123509
2013-06-26,121197
2013-06-27,119107
2013-06-28,109649
2013-06-29,73438
2013-06-30,75755
2013-07-01,113733
2013-07-02,114050
2013-07-03,119200
2013-07-04,104117
2013-07-05,106400
2013-07-06,75990
2013-07-07,80519
2013-07-08,119174
2013-07-09,131227
2013-07-10,135699
2013-07-11,132835
2013-07-12,120790
2013-07-13,78248
2013-07-14,83055
2013-07-15,128485
2013-07-16,127685
2013-07-17,127716
2013-07-18,128511
2013-07-19,120865
2013-07-20,79828
2013-07-21,80284
2013-07-22,122221
2013-07-23,130227
2013-07-24,125863
2013-07-25,123754
2013-07-26,116872
2013-07-27,77351
2013-07-28,80072
2013-07-29,118024
2013-07-30,127233
2013-07-31,126069
2013-08-01,123806
2013-08-02,117287
2013-08-03,78294
2013-08-04,81340
2013-08-05,121884
2013-08-06,140598
2013-08-07,135207
2013-08-08,129595
2013-08-09,118857
2013-08-10,79326
2013-08-11,84576
2013-08-12,121073
2013-08-13,124754
2013-08-14,125035
2013-08-15,108648
2013-08-16,111030
2013-08-17,78689
2013-08-18,84077
2013-08-19,121616
2013-08-20,126139
2013-08-21,128240
2013-08-22,125658
2013-08-23,117214
2013-08-24,80942
2013-08-25,85148
2013-08-26,118936
2013-08-27,128661
2013-08-28,128903
2013-08-29,129028
2013-08-30,118532
2013-08-31,76722
2013-09-01,83685
2013-09-02,111808
2013-09-03,128140
2013-09-04,130558
2013-09-05,128955
2013-09-06,117074
2013-09-07,87333
2013-09-08,97238
2013-09-09,128752
2013-09-10,134507
2013-09-11,135664
2013-09-12,130893
2013-09-13,126595
2013-09-14,86009
2013-09-15,93417
2013-09-16,130581
2013-09-17,134302
2013-09-18,132458
2013-09-19,111347
2013-09-20,122164
2013-09-21,90796
2013-09-22,94958
2013-09-23,128323
2013-09-24,135941
2013-09-25,133675
2013-09-26,132061
2013-09-27,128186
2013-09-28,87860
2013-09-29,102239
2013-09-30,133482
2013-10-01,130696
2013-10-02,142102
2013-10-03,148859
2013-10-04,157842
2013-10-05,110107
2013-10-06,121482
2013-10-07,136997
2013-10-08,141907
2013-10-09,142372
2013-10-10,144724
2013-10-11,135435
2013-10-12,95611
2013-10-13,95409
2013-10-14,132712
2013-10-15,144514
2013-10-16,146543
2013-10-17,147440
2013-10-18,136052
2013-10-19,95631
2013-10-20,105367
2013-10-21,148314
2013-10-22,148558
2013-10-23,146793
2013-10-24,139644
2013-10-25,141256
2013-10-26,99103
2013-10-27,108881
2013-10-28,148815
2013-10-29,153905
2013-10-30,154744
2013-10-31,152401
2013-11-01,130521
2013-11-02,98639
2013-11-03,104558
2013-11-04,150157
2013-11-05,157287
2013-11-06,158361
2013-11-07,156229
2013-11-08,146522
2013-11-09,107306
2013-11-10,111473
2013-11-11,146924
2013-11-12,160533
2013-11-13,148267
2013-11-14,162083
2013-11-15,152084
2013-11-16,105667
2013-11-17,116319
2013-11-18,163315
2013-11-19,163037
2013-11-20,163757
2013-11-21,162241
2013-11-22,152725
2013-11-23,109106
2013-11-24,116096
2013-11-25,156762
2013-11-26,169065
2013-11-27,157894
2013-11-28,136719
2013-11-29,123705
2013-11-30,100107
2013-12-01,107641
2013-12-02,158839
2013-12-03,167315
2013-12-04,173493
2013-12-05,164783
2013-12-06,155627
2013-12-07,110095
2013-12-08,117833
2013-12-09,165186
2013-12-10,170602
2013-12-11,161813
2013-12-12,157863
2013-12-13,147743
2013-12-14,103929
2013-12-15,110404
2013-12-16,154025
2013-12-17,155840
2013-12-18,154303
2013-12-19,147934
2013-12-20,134795
2013-12-21,87454
2013-12-22,90902
2013-12-23,116294
2013-12-24,95560
2013-12-25,75020
2013-12-26,95630
2013-12-27,106189
2013-12-28,88428
2013-12-29,91025
2013-12-30,116594
2013-12-31,31726
2014-01-01,58120
2014-01-02,127467
2014-01-03,125012
2014-01-04,104796
2014-01-05,108364
2014-01-06,141684
2014-01-07,150701
2014-01-08,153230
2014-01-09,156880
2014-01-10,148057
2014-01-11,105921
2014-01-12,113571
2014-01-13,157724
2014-01-14,163915
2014-01-15,167072
2014-01-16,165834
2014-01-17,155312
2014-01-18,113485
2014-01-19,122477
2014-01-20,157200
2014-01-21,166796
2014-01-22,168711
2014-01-23,167215
2014-01-24,151448
2014-01-25,131341
2014-01-26,140120
2014-01-27,164024
2014-01-28,172291
2014-01-29,175413
2014-01-30,172560
2014-01-31,156261
2014-02-01,119851
2014-02-02,126767
2014-02-03,160028
2014-02-04,185214
2014-02-05,185081
2014-02-06,188596
2014-02-07,182883
2014-02-08,144148
2014-02-09,150991
2014-02-10,173735
2014-02-11,179494
2014-02-12,180930
2014-02-13,180056
2014-02-14,161547
2014-02-15,117853
2014-02-16,128988
2014-02-17,172004
2014-02-18,184624
2014-02-19,180916
2014-02-20,165619
2014-02-21,173956
2014-02-22,130916
2014-02-23,133455
2014-02-24,179181
2014-02-25,190858
2014-02-26,190665
2014-02-27,190692
2014-02-28,178091
2014-03-01,124467
2014-03-02,133726
2014-03-03,181512
2014-03-04,188886
2014-03-05,190310
2014-03-06,190802
2014-03-07,177738
2014-03-08,126432
2014-03-09,132432
2014-03-10,183691
2014-03-11,185158
2014-03-12,193740
2014-03-13,195190
2014-03-14,178305
2014-03-15,124425
2014-03-16,136814
2014-03-17,187624
2014-03-18,194318
2014-03-19,201527
2014-03-20,199485
2014-03-21,178082
2014-03-22,130770
2014-03-23,141071
2014-03-24,191507
2014-03-25,180333
2014-03-26,174354
2014-03-27,194295
2014-03-28,188912
2014-03-29,130008
2014-03-30,137153
2014-03-31,191265
2014-04-01,193190
2014-04-02,196219
2014-04-03,195235
2014-04-04,184951
2014-04-05,128896
2014-04-06,139005
2014-04-07,189965
2014-04-08,204869
2014-04-09,198513
2014-04-10,195498
2014-04-11,183419
2014-04-12,131578
2014-04-13,143817
2014-04-14,196931
2014-04-15,203496
2014-04-16,203206
2014-04-17,205912
2014-04-18,166082
2014-04-19,128248
2014-04-20,122709
2014-04-21,176107
2014-04-22,204216
2014-04-23,208760
2014-04-24,205596
2014-04-25,192892
2014-04-26,140533
2014-04-27,159653
2014-04-28,205616
2014-04-29,183726
2014-04-30,190612
2014-05-01,176058
2014-05-02,176701
2014-05-03,130108
2014-05-04,144110
2014-05-05,197150
2014-05-06,206617
2014-05-07,207416
2014-05-08,202353
2014-05-09,190916
2014-05-10,137372
2014-05-11,141743
2014-05-12,199411
2014-05-13,207151
2014-05-14,205007
2014-05-15,207319
2014-05-16,187697
2014-05-17,130923
2014-05-18,140592
2014-05-19,195534
2014-05-20,205676
2014-05-21,206185
2014-05-22,205874
2014-05-23,192637
2014-05-24,130335
2014-05-25,153835
2014-05-26,178292
2014-05-27,202577
2014-05-28,203016
2014-05-29,189393
2014-05-30,179822
2014-05-31,124010
2014-06-01,132532
2014-06-02,180562
2014-06-03,199251
2014-06-04,202997
2014-06-05,199856
2014-06-06,186669
2014-06-07,125024
2014-06-08,135646
2014-06-09,183425
2014-06-10,200648
2014-06-11,199329
2014-06-12,194715
2014-06-13,179106
2014-06-14,122916
2014-06-15,132908
2014-06-16,187995
2014-06-17,198226
2014-06-18,197228
2014-06-19,195358
2014-06-20,179781
2014-06-21,124347
2014-06-22,140521
2014-06-23,188083
2014-06-24,199331
2014-06-25,198583
2014-06-26,193498
2014-06-27,181950
2014-06-28,117860
2014-06-29,126681
2014-06-30,185714
2014-07-01,189892
2014-07-02,194079
2014-07-03,192253
2014-07-04,153251
2014-07-05,108932
2014-07-06,123444
2014-07-07,190485
2014-07-08,199176
2014-07-09,193148
2014-07-10,198665
2014-07-11,190836
2014-07-12,126994
2014-07-13,129099
2014-07-14,188746
2014-07-15,200882
2014-07-16,202637
2014-07-17,189172
2014-07-18,196688
2014-07-19,133698
2014-07-20,140192
2014-07-21,204749
2014-07-22,211104
2014-07-23,203511
2014-07-24,202762
2014-07-25,191629
2014-07-26,125976
2014-07-27,138153
2014-07-28,194553
2014-07-29,202215
2014-07-30,203732
2014-07-31,204486
2014-08-01,184800
2014-08-02,121873
2014-08-03,129436
2014-08-04,189719
2014-08-05,202556
2014-08-06,204813
2014-08-07,204124
2014-08-08,191151
2014-08-09,128131
2014-08-10,137831
2014-08-11,198948
2014-08-12,204342
2014-08-13,206193
2014-08-14,201051
2014-08-15,182040
2014-08-16,127176
2014-08-17,138053
2014-08-18,198323
2014-08-19,212927
2014-08-20,210238
2014-08-21,210911
2014-08-22,199552
2014-08-23,143667
2014-08-24,148540
2014-08-25,198832
2014-08-26,207071
2014-08-27,206930
2014-08-28,203948
2014-08-29,192947
2014-08-30,130649
2014-08-31,139665
2014-09-01,183922
2014-09-02,208023
2014-09-03,215425
2014-09-04,213888
2014-09-05,198434
2014-09-06,143145
2014-09-07,154536
2014-09-08,225992
2014-09-09,214162
2014-09-10,218343
2014-09-11,221180
2014-09-12,207328
2014-09-13,151123
2014-09-14,164372
2014-09-15,220501
2014-09-16,226449
2014-09-17,224270
2014-09-18,217574
2014-09-19,207124
2014-09-20,147683
2014-09-21,161653
2014-09-22,215281
2014-09-23,215817
2014-09-24,225861
2014-09-25,221142
2014-09-26,209353
2014-09-27,146675
2014-09-28,156141
2014-09-29,220523
2014-09-30,217516
2014-10-01,218029
2014-10-02,223200
2014-10-03,209435
2014-10-04,146995
2014-10-05,154717
2014-10-06,216520
2014-10-07,227474
2014-10-08,236776
2014-10-09,231093
2014-10-10,219278
2014-10-11,161301
2014-10-12,163112
2014-10-13,227718
2014-10-14,233540
2014-10-15,239035
2014-10-16,236484
2014-10-17,221242
2014-10-18,160368
2014-10-19,165156
2014-10-20,231777
2014-10-21,242017
2014-10-22,230157
2014-10-23,238700
2014-10-24,225933
2014-10-25,162150
2014-10-26,181288
2014-10-27,242555
2014-10-28,331540
2014-10-29,335023
2014-10-30,245026
2014-10-31,223873
2014-11-01,160221
2014-11-02,170584
2014-11-03,238966
2014-11-04,249125
2014-11-05,249306
2014-11-06,240422
2014-11-07,234106
2014-11-08,170884
2014-11-09,188159
2014-11-10,243030
2014-11-11,249319
2014-11-12,251686
2014-11-13,258936
2014-11-14,239891
2014-11-15,180481
2014-11-16,190071
2014-11-17,246745
2014-11-18,265626
2014-11-19,257982
2014-11-20,253201
2014-11-21,241161
2014-11-22,176354
2014-11-23,192332
2014-11-24,252992
2014-11-25,260667
2014-11-26,256309
2014-11-27,228563
2014-11-28,203209
2014-11-29,161702
2014-11-30,183463
2014-12-01,252360
2014-12-02,263774
2014-12-03,264840
2014-12-04,264019
2014-12-05,252809
2014-12-06,180932
2014-12-07,196546
2014-12-08,260015
2014-12-09,271523
2014-12-10,260226
2014-12-11,255344
2014-12-12,236249
2014-12-13,165586
2014-12-14,180527
2014-12-15,246254
2014-12-16,250732
2014-12-17,246972
2014-12-18,242902
2014-12-19,211623
2014-12-20,147234
2014-12-21,158638
2014-12-22,203553
2014-12-23,199964
2014-12-24,159806
2014-12-25,119087
2014-12-26,137622
2014-12-27,133067
2014-12-28,139884
2014-12-29,184939
2014-12-30,188241
2014-12-31,50841
2015-01-01,119241
2015-01-02,169875
2015-01-03,155315
2015-01-04,169144
2015-01-05,221202
2015-01-06,212605
2015-01-07,230286
2015-01-08,236752
2015-01-09,215848
2015-01-10,168371
2015-01-11,183179
2015-01-12,249903
2015-01-13,257471
2015-01-14,261129
2015-01-15,262125
2015-01-16,247603
2015-01-17,179395
2015-01-18,189570
2015-01-19,248202
2015-01-20,267268
2015-01-21,272472
2015-01-22,268598
2015-01-23,260596
2015-01-24,205778
2015-01-25,230547
2015-01-26,263926
2015-01-27,279567
2015-01-28,281749
2015-01-29,274517
2015-01-30,259162
2015-01-31,187168
2015-02-01,197137
2015-02-02,261073
2015-02-03,265073
2015-02-04,280464
2015-02-05,283253
2015-02-06,268436
2015-02-07,194907
2015-02-08,208574
2015-02-09,283748
2015-02-10,295999
2015-02-11,289381
2015-02-12,289487
2015-02-13,275936
2015-02-14,176417
2015-02-15,199780
2015-02-16,270456
2015-02-17,286518
2015-02-18,284905
2015-02-19,277538
2015-02-20,265799
2015-02-21,198841
2015-02-22,224566
2015-02-23,278600
2015-02-24,292650
2015-02-25,293991
2015-02-26,305014
2015-02-27,284038
2015-02-28,210410
2015-03-01,216461
2015-03-02,298626
2015-03-03,306811
2015-03-04,307662
2015-03-05,308998
2015-03-06,285930
2015-03-07,209275
2015-03-08,220668
2015-03-09,301873
2015-03-10,316439
2015-03-11,318026
2015-03-12,313601
2015-03-13,291452
2015-03-14,208377
2015-03-15,223062
2015-03-16,305046
2015-03-17,315378
2015-03-18,311019
2015-03-19,308048
2015-03-20,285791
2015-03-21,203787
2015-03-22,231649
2015-03-23,305187
2015-03-24,319061
2015-03-25,312738
2015-03-26,308728
2015-03-27,266300
2015-03-28,199166
2015-03-29,206162
2015-03-30,299776
2015-03-31,311282
2015-04-01,301475
2015-04-02,298423
2015-04-03,256809
2015-04-04,191348
2015-04-05,191003
2015-04-06,263664
2015-04-07,313256
2015-04-08,327853
2015-04-09,319147
2015-04-10,291493
2015-04-11,207874
2015-04-12,224619
2015-04-13,299165
2015-04-14,319797
2015-04-15,311269
2015-04-16,316422
2015-04-17,298189
2015-04-18,209704
2015-04-19,231432
2015-04-20,317907
2015-04-21,327515
2015-04-22,331645
2015-04-23,326890
2015-04-24,299760
2015-04-25,211757
2015-04-26,236920
2015-04-27,323302
2015-04-28,334676
2015-04-29,321949
2015-04-30,305109
2015-05-01,247627
2015-05-02,201935
2015-05-03,215766
2015-05-04,302493
2015-05-05,320362
2015-05-06,321042
2015-05-07,317297
2015-05-08,287665
2015-05-09,202168
2015-05-10,213943
2015-05-11,305384
2015-05-12,325466
2015-05-13,319565
2015-05-14,302992
2015-05-15,285721
2015-05-16,199016
2015-05-17,217943
2015-05-18,306334
2015-05-19,321303
2015-05-20,322732
2015-05-21,322985
2015-05-22,295832
2015-05-23,198625
2015-05-24,215228
2015-05-25,263571
2015-05-26,314613
2015-05-27,326434
2015-05-28,315597
2015-05-29,294581
2015-05-30,195320
2015-05-31,219616
2015-06-01,301947
2015-06-02,319595
2015-06-03,314565
2015-06-04,310414
2015-06-05,283182
2015-06-06,193182
2015-06-07,201748
2015-06-08,300735
2015-06-09,322028
2015-06-10,314958
2015-06-11,307969
2015-06-12,280029
2015-06-13,189620
2015-06-14,203978
2015-06-15,294525
2015-06-16,312616
2015-06-17,314184
2015-06-18,305235
2015-06-19,283514
2015-06-20,185041
2015-06-21,200814
2015-06-22,285621
2015-06-23,310194
2015-06-24,309571
2015-06-25,308353
2015-06-26,283957
2015-06-27,189540
2015-06-28,198421
2015-06-29,286105
2015-06-30,297205
2015-07-01,289342
2015-07-02,285324
2015-07-03,246139
2015-07-04,175348
2015-07-05,179634
2015-07-06,286025
2015-07-07,312873
2015-07-08,309231
2015-07-09,304619
2015-07-10,278801
2015-07-11,183055
2015-07-12,198478
2015-07-13,296004
2015-07-14,311522
2015-07-15,303882
2015-07-16,302026
2015-07-17,278105
2015-07-18,184366
2015-07-19,196801
2015-07-20,292106
2015-07-21,308668
2015-07-22,321515
2015-07-23,310400
2015-07-24,282641
2015-07-25,186400
2015-07-26,201002
2015-07-27,295636
2015-07-28,314082
2015-07-29,320941
2015-07-30,319166
2015-07-31,284724
2015-08-01,178670
2015-08-02,185599
2015-08-03,284237
2015-08-04,306078
2015-08-05,309342
2015-08-06,299014
2015-08-07,272015
2015-08-08,173053
2015-08-09,185839
2015-08-10,283229
2015-08-11,301480
2015-08-12,305053
2015-08-13,295753
2015-08-14,275646
2015-08-15,179694
2015-08-16,196723
2015-08-17,289974
2015-08-18,318243
2015-08-19,317223
2015-08-20,310425
2015-08-21,289056
2015-08-22,195295
2015-08-23,216868
2015-08-24,301296
2015-08-25,301151
2015-08-26,312418
2015-08-27,311528
2015-08-28,285603
2015-08-29,183639
2015-08-30,207882
2015-08-31,326476
2015-09-01,332419
2015-09-02,324296
2015-09-03,322284
2015-09-04,285548
2015-09-05,204880
2015-09-06,236705
2015-09-07,325455
2015-09-08,379034
2015-09-09,408482
2015-09-10,368375
2015-09-11,316444
2015-09-12,213706
2015-09-13,221048
2015-09-14,321561
2015-09-15,344316
2015-09-16,332457
2015-09-17,328643
2015-09-18,309438
2015-09-19,212671
2015-09-20,230532
2015-09-21,333495
2015-09-22,343159
2015-09-23,334914
2015-09-24,331493
2015-09-25,318133
2015-09-26,247946
2015-09-27,257152
2015-09-28,346443
2015-09-29,358661
2015-09-30,356459
2015-10-01,335499
2015-10-02,320700
2015-10-03,244003
2015-10-04,253891
2015-10-05,344599
2015-10-06,359863
2015-10-07,357163
2015-10-08,347307
2015-10-09,328672
2015-10-10,234907
2015-10-11,244764
2015-10-12,343417
2015-10-13,368104
2015-10-14,358995
2015-10-15,350624
2015-10-16,338351
2015-10-17,228643
2015-10-18,252085
2015-10-19,358156
2015-10-20,369825
2015-10-21,363886
2015-10-22,361929
2015-10-23,339594
2015-10-24,238949
2015-10-25,260600
2015-10-26,349065
2015-10-27,375915
2015-10-28,384049
2015-10-29,375476
2015-10-30,353863
2015-10-31,230009
2015-11-01,240356
2015-11-02,364404
2015-11-03,389847
2015-11-04,398870
2015-11-05,389722
2015-11-06,379763
2015-11-07,256193
2015-11-08,293598
2015-11-09,400384
2015-11-10,395019
2015-11-11,387473
2015-11-12,384618
2015-11-13,359080
2015-11-14,247086
2015-11-15,272217
2015-11-16,372038
2015-11-17,397005
2015-11-18,399775
2015-11-19,395748
2015-11-20,369704
2015-11-21,255280
2015-11-22,282445
2015-11-23,390436
2015-11-24,392195
2015-11-25,370903
2015-11-26,348130
2015-11-27,298027
2015-11-28,236720
2015-11-29,259690
2015-11-30,387327
2015-12-01,400571
2015-12-02,404387
2015-12-03,410436
2015-12-04,376961
2015-12-05,264215
2015-12-06,276601
2015-12-07,394060
2015-12-08,412953
2015-12-09,432268
2015-12-10,420480
2015-12-11,367882
2015-12-12,285341
2015-12-13,304073
2015-12-14,412268
2015-12-15,427022
2015-12-16,415207
2015-12-17,404043
2015-12-18,371221
2015-12-19,253624
2015-12-20,260502
2015-12-21,354071
2015-12-22,358549
2015-12-23,335451
2015-12-24,268785
2015-12-25,212333
2015-12-26,207667
2015-12-27,232716
2015-12-28,312242
2015-12-29,323908
2015-12-30,316080
2016-01-01,205839
2016-01-02,246706
2016-01-03,267476
2016-01-04,375382
2016-01-05,390714
2016-01-06,407099
2016-01-07,407884
2016-01-08,399036
2016-01-09,296088
2016-01-10,308222
2016-01-11,420171
2016-01-12,434556
2016-01-13,440696
2016-01-14,440412
2016-01-15,417108
2016-01-16,310887
2016-01-17,328728
2016-01-18,420383
2016-01-19,438443
2016-01-20,442754
2016-01-21,441134
2016-01-22,422846
2016-01-23,321500
2016-01-24,334303
2016-01-25,444883
2016-01-26,465096
2016-01-27,470815
2016-01-28,416997
2016-01-29,413809
2016-01-30,334934
2016-01-31,355651
2016-02-01,437133
2016-02-02,459764
2016-02-03,479862
2016-02-04,479693
2016-02-05,441466
2016-02-06,311923
2016-02-07,326925
2016-02-08,412038
2016-02-09,440400
2016-02-10,446204
2016-02-11,441436
2016-02-12,416470
2016-02-13,309915
2016-02-14,324746
2016-02-15,443320
2016-02-16,478574
2016-02-17,489957
2016-02-18,480476
2016-02-19,465395
2016-02-20,343595
2016-02-21,372363
2016-02-22,496761
2016-02-23,504394
2016-02-24,503609
2016-02-25,500614
2016-02-26,479110
2016-02-27,340596
2016-02-28,363496
2016-02-29,477118
2016-03-01,481911
2016-03-02,504663
2016-03-03,520938
2016-03-04,490868
2016-03-05,363482
2016-03-06,375255
2016-03-07,501327
2016-03-08,511230
2016-03-09,528465
2016-03-10,495321
2016-03-11,484689
2016-03-12,350617
2016-03-13,371738
2016-03-14,497888
2016-03-15,511780
2016-03-16,522092
2016-03-17,524814
2016-03-18,505129
2016-03-19,365126
2016-03-20,382403
2016-03-21,503620
2016-03-22,508326
2016-03-23,499951
2016-03-24,487564
2016-03-25,452981
2016-03-26,340798
2016-03-27,326901
2016-03-28,468462
2016-03-29,513627
2016-03-30,528778
2016-03-31,508176
2016-04-01,460362
2016-04-02,337637
2016-04-03,361526
2016-04-04,475880
2016-04-05,492290
2016-04-06,513496
2016-04-07,523949
2016-04-08,479153
2016-04-09,350258
2016-04-10,367530
2016-04-11,512539
2016-04-12,520373
2016-04-13,529469
2016-04-14,521835
2016-04-15,488134
2016-04-16,360809
2016-04-17,377366
2016-04-18,517333
2016-04-19,526739
2016-04-20,527667
2016-04-21,512261
2016-04-22,482920
2016-04-23,348284
2016-04-24,378202
2016-04-25,532630
2016-04-26,543882
2016-04-27,555206
2016-04-28,550154
2016-04-29,520076
2016-04-30,353679
2016-05-01,356269
2016-05-02,486438
2016-05-03,529647
2016-05-04,527408
2016-05-05,494242
2016-05-06,438857
2016-05-07,312653
2016-05-08,333642
2016-05-09,522004
2016-05-10,540979
2016-05-11,534810
2016-05-12,532292
2016-05-13,492718
2016-05-14,343287
2016-05-15,361151
2016-05-16,481071
2016-05-17,513644
2016-05-18,525079
2016-05-19,511310
2016-05-20,497129
2016-05-21,368594
2016-05-22,387455
2016-05-23,519995
2016-05-24,545047
2016-05-25,540750
2016-05-26,515554
2016-05-27,482197
2016-05-28,310633
2016-05-29,326206
2016-05-30,443769
2016-05-31,500128
2016-06-01,499860
2016-06-02,496498
2016-06-03,464569
2016-06-04,323040
2016-06-05,342805
2016-06-06,473770
2016-06-07,501614
2016-06-08,518091
2016-06-09,513368
2016-06-10,455905
2016-06-11,296549
2016-06-12,328056
2016-06-13,442578
2016-06-14,471208
2016-06-15,477147
2016-06-16,473020
2016-06-17,450400
2016-06-18,310058
2016-06-19,322559
2016-06-20,315400
2016-06-21,469875
2016-06-22,475384
2016-06-23,466457
2016-06-24,418953
2016-06-25,288276
2016-06-26,294001
2016-06-27,439862
2016-06-28,470065
2016-06-29,473625
2016-06-30,465693
2016-07-01,427923
2016-07-02,288930
2016-07-03,281155
2016-07-04,400806
2016-07-05,445522
2016-07-06,464182
2016-07-07,485815
2016-07-08,439165
2016-07-09,304188
2016-07-10,310491
2016-07-11,454750
2016-07-12,463511
2016-07-13,467534
2016-07-14,461151
2016-07-15,436080
2016-07-16,300298
2016-07-17,311074
2016-07-18,456451
2016-07-19,482812
2016-07-20,473941
2016-07-21,466662
2016-07-22,436507
2016-07-23,295319
2016-07-24,307738
2016-07-25,448615
2016-07-26,479123
2016-07-27,474998
2016-07-28,462649
2016-07-29,444053
2016-07-30,307350
2016-07-31,314083
2016-08-01,451580
2016-08-02,474648
2016-08-03,470302
2016-08-04,465198
2016-08-05,436419
2016-08-06,297330
2016-08-07,305889
2016-08-08,460855
2016-08-09,478438
2016-08-10,477468
2016-08-11,489314
2016-08-12,451081
2016-08-13,296230
2016-08-14,300072
2016-08-15,428174
2016-08-16,480108
2016-08-17,487723
2016-08-18,496728
2016-08-19,480530
2016-08-20,327110
2016-08-21,356681
2016-08-22,496749
2016-08-23,493571
2016-08-24,501392
2016-08-25,513304
2016-08-26,476817
2016-08-27,338875
2016-08-28,344495
2016-08-29,497166
2016-08-30,506560
2016-08-31,506904
2016-09-01,503777
2016-09-02,469823
2016-09-03,329794
2016-09-04,346361
2016-09-05,441013
2016-09-06,509939
2016-09-07,497748
2016-09-08,472441
2016-09-09,453031
2016-09-10,334385
2016-09-11,360563
2016-09-12,528168
2016-09-13,536602
2016-09-14,516003
2016-09-15,489405
2016-09-16,457690
2016-09-17,352441
2016-09-18,383468
2016-09-19,486385
2016-09-20,524496
2016-09-21,524906
2016-09-22,517957
2016-09-23,486677
2016-09-24,344869
2016-09-25,376763
2016-09-26,516218
2016-09-27,532025
2016-09-28,545683
2016-09-29,543565
2016-09-30,512211
2016-10-01,348834
2016-10-02,366203
2016-10-03,499111
2016-10-04,516058
2016-10-05,517903
2016-10-06,514938
2016-10-07,484731
2016-10-08,379183
2016-10-09,401857
2016-10-10,521464
2016-10-11,546053
2016-10-12,539315
2016-10-13,549656
2016-10-14,518201
2016-10-15,372498
2016-10-16,392411
2016-10-17,513853
2016-10-18,573083
2016-10-19,573978
2016-10-20,562792
2016-10-21,450622
2016-10-22,379165
2016-10-23,407916
2016-10-24,560684
2016-10-25,578791
2016-10-26,585984
2016-10-27,556715
2016-10-28,504307
2016-10-29,363417
2016-10-30,382874
2016-10-31,527559
2016-11-01,538350
2016-11-02,564654
2016-11-03,577165
2016-11-04,552260
2016-11-05,412610
2016-11-06,435082
2016-11-07,578185
2016-11-08,570344
2016-11-09,549417
2016-11-10,566680
2016-11-11,504679
2016-11-12,392643
2016-11-13,413948
2016-11-14,567070
2016-11-15,583375
2016-11-16,579903
2016-11-17,573259
2016-11-18,541452
2016-11-19,393398
2016-11-20,423055
2016-11-21,573935
2016-11-22,584101
2016-11-23,564376
2016-11-24,501129
2016-11-25,463318
2016-11-26,392968
2016-11-27,415609
2016-11-28,574900
2016-11-29,605535
2016-11-30,599982
2016-12-01,587622
2016-12-02,560130
2016-12-03,394188
2016-12-04,415532
2016-12-05,577196
2016-12-06,596839
2016-12-07,606430
2016-12-08,588279
2016-12-09,560412
2016-12-10,399749
2016-12-11,430416
2016-12-12,576758
2016-12-13,573527
2016-12-14,566942
2016-12-15,553097
2016-12-16,516031
2016-12-17,340398
2016-12-18,371806
2016-12-19,518165
2016-12-20,517765
2016-12-21,502931
2016-12-22,468767
2016-12-23,397022
2016-12-24,271655
2016-12-25,248595
2016-12-26,331939
2016-12-27,389249
2016-12-28,398386
2016-12-29,388637
2016-12-30,373980
2016-12-31,259788
2017-01-01,233551
2017-01-02,363408
2017-01-03,481146
2017-01-04,507238
2017-01-05,471894
2017-01-06,487690
2017-01-07,262903
2017-01-08,380765
2017-01-09,525828
2017-01-10,530337
2017-01-11,545790
2017-01-12,538036
2017-01-13,501855
2017-01-14,457936
2017-01-15,392616
2017-01-16,533833
2017-01-17,563662
2017-01-18,552324
2017-01-19,556356
2017-01-20,512970
2017-01-21,395732
2017-01-22,436560
2017-01-23,540051
2017-01-24,560081
2017-01-25,546130
2017-01-26,509469
2017-01-27,474955
2017-01-28,341494
2017-01-29,359186
2017-01-30,504713
2017-01-31,530349
2017-02-01,525349
2017-02-02,542562
2017-02-03,520247
2017-02-04,404377
2017-02-05,426512
2017-02-06,590517
2017-02-07,632828
2017-02-08,617357
2017-02-09,624885
2017-02-10,607309
2017-02-11,471769
2017-02-12,469373
2017-02-13,617417
2017-02-14,627931
2017-02-15,636027
2017-02-16,640720
2017-02-17,613954
2017-02-18,443762
2017-02-19,468209
2017-02-20,621541
2017-02-21,662450
2017-02-22,668885
2017-02-23,675084
2017-02-24,668269
2017-02-25,475235
2017-02-26,487825
2017-02-27,633655
2017-02-28,613974
2017-03-01,608270
2017-03-02,623440
2017-03-03,612704
2017-03-04,454825
2017-03-05,481389
2017-03-06,652893
2017-03-07,643709
2017-03-08,608796
2017-03-09,659157
2017-03-10,592097
2017-03-11,435729
2017-03-12,476119
2017-03-13,650824
2017-03-14,676360
2017-03-15,640191
2017-03-16,653932
2017-03-17,612016
2017-03-18,448986
2017-03-19,477727
2017-03-20,643760
2017-03-21,718762
2017-03-22,686305
2017-03-23,675569
2017-03-24,599628
2017-03-25,468936
2017-03-26,689160
2017-03-27,1024762
2017-03-28,743834
2017-03-29,688289
2017-03-30,684590
2017-03-31,623875
2017-04-01,477086
2017-04-02,472902
2017-04-03,611248
2017-04-04,606549
2017-04-05,673435
2017-04-06,665557
2017-04-07,676324
2017-04-08,644177
2017-04-09,540047
2017-04-10,652295
2017-04-11,661684
2017-04-12,645612
2017-04-13,612560
2017-04-14,528729
2017-04-15,407998
2017-04-16,440484
2017-04-17,599329
2017-04-18,675333
2017-04-19,673915
2017-04-20,676326
2017-04-21,640451
2017-04-22,481948
2017-04-23,483635
2017-04-24,684350
2017-04-25,707311
2017-04-26,702169
2017-04-27,674430
2017-04-28,618471
2017-04-29,429981
2017-04-30,426919
2017-05-01,542025
2017-05-02,631253
2017-05-03,656206
2017-05-04,658090
2017-05-05,609674
2017-05-06,429872
2017-05-07,455379
2017-05-08,635382
2017-05-09,660783
2017-05-10,663781
2017-05-11,652847
2017-05-12,606535
2017-05-13,428608
2017-05-14,425613
2017-05-15,616200
2017-05-16,635466
2017-05-17,628454
2017-05-18,624935
2017-05-19,576815
2017-05-20,404873
2017-05-21,434145
2017-05-22,625206
2017-05-23,632940
2017-05-24,642648
2017-05-25,599351
2017-05-26,581481
2017-05-27,436139
2017-05-28,453699
2017-05-29,583791
2017-05-30,637230
2017-05-31,635645
2017-06-01,646534
2017-06-02,622826
2017-06-03,437566
2017-06-04,461961
2017-06-05,616976
2017-06-06,622352
2017-06-07,657851
2017-06-08,644356
2017-06-09,602689
2017-06-10,418963
2017-06-11,440319
2017-06-12,637209
2017-06-13,674083
2017-06-14,649172
2017-06-15,637294
2017-06-16,592190
2017-06-17,437106
2017-06-18,450424
2017-06-19,633595
2017-06-20,647684
2017-06-21,659849
2017-06-22,648868
2017-06-23,596894
2017-06-24,413443
2017-06-25,436714
2017-06-26,618155
2017-06-27,678310
2017-06-28,686853
2017-06-29,633568
2017-06-30,589113
2017-07-01,401804
2017-07-02,413082
2017-07-03,582148
2017-07-04,563284
2017-07-05,614889
2017-07-06,626499
2017-07-07,588440
2017-07-08,404315
2017-07-09,414043
2017-07-10,612087
2017-07-11,636552
2017-07-12,631416
2017-07-13,631327
2017-07-14,585700
2017-07-15,409752
2017-07-16,431023
2017-07-17,609351
2017-07-18,650950
2017-07-19,642950
2017-07-20,644055
2017-07-21,606062
2017-07-22,420313
2017-07-23,443524
2017-07-24,630742
2017-07-25,659705
2017-07-26,622130
2017-07-27,644571
2017-07-28,605541
2017-07-29,428720
2017-07-30,446137
2017-07-31,614047
2017-08-01,644521
2017-08-02,645908
2017-08-03,642330
2017-08-04,587031
2017-08-05,410470
2017-08-06,444743
2017-08-07,627168
2017-08-08,664499
2017-08-09,653460
2017-08-10,650164
2017-08-11,600415
2017-08-12,434030
2017-08-13,448997
2017-08-14,619266
2017-08-15,629787
2017-08-16,641071
2017-08-17,638453
2017-08-18,603613
2017-08-19,424351
2017-08-20,442170
2017-08-21,575408
2017-08-22,648623
2017-08-23,665587
2017-08-24,623102
2017-08-25,586733
2017-08-26,431621
2017-08-27,431259
2017-08-28,600297
2017-08-29,637027
2017-08-30,650752
2017-08-31,632649
2017-09-01,593363
2017-09-02,411947
2017-09-03,426668
2017-09-04,539381
2017-09-05,645609
2017-09-06,663397
2017-09-07,656896
2017-09-08,628103
2017-09-09,456956
2017-09-10,484458
2017-09-11,662367
2017-09-12,683850
2017-09-13,693257
2017-09-14,682133
2017-09-15,650942
2017-09-16,484769
2017-09-17,509824
2017-09-18,708344
2017-09-19,709156
2017-09-20,672984
2017-09-21,664258
2017-09-22,636840
2017-09-23,460979
2017-09-24,486132
2017-09-25,677366
2017-09-26,708518
2017-09-27,697410
2017-09-28,684844
2017-09-29,645664
2017-09-30,500868
2017-10-01,496544
2017-10-02,655818
2017-10-03,678267
2017-10-04,653698
2017-10-05,690133
2017-10-06,657499
2017-10-07,515637
2017-10-08,560954
2017-10-09,736700
2017-10-10,715785
2017-10-11,739423
2017-10-12,756329
2017-10-13,709098
2017-10-14,487102
2017-10-15,518759
2017-10-16,706672
2017-10-17,714927
2017-10-18,746478
2017-10-19,744538
2017-10-20,689250
2017-10-21,512675
2017-10-22,566709
2017-10-23,766840
2017-10-24,789483
2017-10-25,788203
2017-10-26,774220
2017-10-27,740227
2017-10-28,553934
2017-10-29,553689
2017-10-30,774134
2017-10-31,729210
2017-11-01,737921
2017-11-02,770868
2017-11-03,726480
2017-11-04,543497
2017-11-05,589798
2017-11-06,787999
2017-11-07,812884
2017-11-08,800514
2017-11-09,810572
2017-11-10,766891
2017-11-11,575620
2017-11-12,617326
2017-11-13,821791
2017-11-14,825061
2017-11-15,803130
2017-11-16,804807
2017-11-17,769081
2017-11-18,537099
2017-11-19,546624
2017-11-20,747403
2017-11-21,759631
2017-11-22,785685
2017-11-23,712092
2017-11-24,650926
2017-11-25,536779
2017-11-26,571397
2017-11-27,797849
2017-11-28,832431
2017-11-29,826829
2017-11-30,821664
2017-12-01,771820
2017-12-02,575825
2017-12-03,609884
2017-12-04,814117
2017-12-05,839655
2017-12-06,820470
2017-12-07,806218
2017-12-08,744661
2017-12-09,559082
2017-12-10,589192
2017-12-11,795520
2017-12-12,795023
2017-12-13,810057
2017-12-14,782060
2017-12-15,718095
2017-12-16,519402
2017-12-17,548625
2017-12-18,726137
2017-12-19,771002
2017-12-20,748327
2017-12-21,718875
2017-12-22,632668
2017-12-23,452164
2017-12-24,437469
2017-12-25,450963
2017-12-26,537015
2017-12-27,585626
2017-12-28,584503
2017-12-29,542138
2017-12-30,424958
2017-12-31,381359
2018-01-01,391963
2018-01-02,617431
2018-01-03,684095
2018-01-04,686309
2018-01-05,663393
2018-01-06,500812
2018-01-07,526256
2018-01-08,696894
2018-01-09,720714
2018-01-10,710864
2018-01-11,739196
2018-01-12,678744
2018-01-13,514367
2018-01-14,539550
2018-01-15,705664
2018-01-16,745321
2018-01-17,766189
2018-01-18,768023
2018-01-19,725685
2018-01-20,575894
2018-01-21,593311
2018-01-22,751832
2018-01-23,831092
2018-01-24,821868
2018-01-25,826651
2018-01-26,755909
2018-01-27,601739
2018-01-28,635648
2018-01-29,808265
2018-01-30,800164
2018-01-31,800896
2018-02-01,787806
2018-02-02,762414
2018-02-03,557549
2018-02-04,582309
2018-02-05,791274
2018-02-06,829494
2018-02-07,829527
2018-02-08,809797
2018-02-09,770071
2018-02-10,548847
2018-02-11,597355
2018-02-12,767094
2018-02-13,775827
2018-02-14,738862
2018-02-15,729554
2018-02-16,712508
2018-02-17,525808
2018-02-18,552723
2018-02-19,745879
2018-02-20,769529
2018-02-21,769929
2018-02-22,778681
2018-02-23,738530
2018-02-24,584523
2018-02-25,608391
2018-02-26,813086
2018-02-27,841092
2018-02-28,840418
2018-03-01,834300
2018-03-02,775945
2018-03-03,575213
2018-03-04,603981
2018-03-05,845146
2018-03-06,846091
2018-03-07,842906
2018-03-08,775224
2018-03-09,815485
2018-03-10,610977
2018-03-11,660368
2018-03-12,853781
2018-03-13,869324
2018-03-14,891572
2018-03-15,891464
2018-03-16,817008
2018-03-17,597064
2018-03-18,619746
2018-03-19,857759
2018-03-20,902656
2018-03-21,883117
2018-03-22,898830
2018-03-23,820493
2018-03-24,646051
2018-03-25,652309
2018-03-26,804911
2018-03-27,856461
2018-03-28,865226
2018-03-29,759775
2018-03-30,734921
2018-03-31,574648
2018-04-01,571434
2018-04-02,786093
2018-04-03,867795
2018-04-04,816022
2018-04-05,792508
2018-04-06,712365
2018-04-07,564300
2018-04-08,590947
2018-04-09,829259
2018-04-10,889223
2018-04-11,889260
2018-04-12,899778
2018-04-13,817808
2018-04-14,584432
2018-04-15,597793
2018-04-16,866092
2018-04-17,897628
2018-04-18,891020
2018-04-19,880881
2018-04-20,841503
2018-04-21,618613
2018-04-22,664433
2018-04-23,862650
2018-04-24,893806
2018-04-25,881511
2018-04-26,860175
2018-04-27,766020
2018-04-28,621120
2018-04-29,598814
2018-04-30,683443
2018-05-01,676860
2018-05-02,754951
2018-05-03,746075
2018-05-04,705360
2018-05-05,502481
2018-05-06,526377
2018-05-07,755485
2018-05-08,793813
2018-05-09,780066
2018-05-10,764131
2018-05-11,718547
2018-05-12,587571
2018-05-13,569066
2018-05-14,798922
2018-05-15,772907
2018-05-16,768113
2018-05-17,767486
2018-05-18,734909
2018-05-19,512112
2018-05-20,531170
2018-05-21,741372
2018-05-22,776821
2018-05-23,795322
2018-05-24,774695
2018-05-25,762009
2018-05-26,509558
2018-05-27,550002
2018-05-28,735590
2018-05-29,742950
2018-05-30,785444
2018-05-31,809721
2018-06-01,761788
2018-06-02,541743
2018-06-03,565883
2018-06-04,800780
2018-06-05,817474
2018-06-06,811891
2018-06-07,801824
2018-06-08,713853
2018-06-09,512890
2018-06-10,542670
2018-06-11,792284
2018-06-12,822395
2018-06-13,811533
2018-06-14,788316
2018-06-15,706087
2018-06-16,461253
2018-06-17,473616
2018-06-18,731859
2018-06-19,794061
2018-06-20,799997
2018-06-21,775661
2018-06-22,714666
2018-06-23,471849
2018-06-24,500023
2018-06-25,777003
2018-06-26,799491
2018-06-27,795259
2018-06-28,773784
2018-06-29,730288
2018-06-30,492367
2018-07-01,501870
2018-07-02,752582
2018-07-03,763791
2018-07-04,699092
2018-07-05,719322
2018-07-06,695508
2018-07-07,471921
2018-07-08,487344
2018-07-09,765455
2018-07-10,814064
2018-07-11,804481
2018-07-12,786057
2018-07-13,736156
2018-07-14,482894
2018-07-15,454665
2018-07-16,698124
2018-07-17,741537
2018-07-18,697177
2018-07-19,741202
2018-07-20,688155
2018-07-21,461965
2018-07-22,477917
2018-07-23,731389
2018-07-24,768802
2018-07-25,772631
2018-07-26,759087
2018-07-27,723578
2018-07-28,539864
2018-07-29,528165
2018-07-30,752815
2018-07-31,761717
2018-08-01,749609
2018-08-02,758566
2018-08-03,719787
2018-08-04,461007
2018-08-05,463416
2018-08-06,726937
2018-08-07,766592
2018-08-08,744865
2018-08-09,734166
2018-08-10,678597
2018-08-11,491299
2018-08-12,504427
2018-08-13,728424
2018-08-14,753686
2018-08-15,710869
2018-08-16,722588
2018-08-17,690948
2018-08-18,458596
2018-08-19,477503
2018-08-20,704556
2018-08-21,736073
2018-08-22,746664
2018-08-23,725625
2018-08-24,692302
2018-08-25,497860
2018-08-26,502939
2018-08-27,715163
2018-08-28,769063
2018-08-29,753540
2018-08-30,741666
2018-08-31,682127
